{"cameraMode":{"drawMode":0,"name":"Shaded","section":"Shading Mode"},"sceneLighting":true,"audioPlay":false,"sceneViewState":{"m_AlwaysRefresh":false,"showFog":true,"showSkybox":true,"showFlares":true,"showImageEffects":true,"showParticleSystems":true,"showVisualEffectGraphs":true,"m_FxEnabled":true},"in2DMode":false,"pivot":{"x":-23.7580509185791,"y":10.088006973266602,"z":37.937461853027347},"rotation":{"x":0.03241008520126343,"y":0.12916752696037293,"z":0.00422601168975234,"w":-0.9910991191864014},"size":35.26756286621094,"orthographic":false}